{"type":"FeatureCollection","features":[{"type":"Feature","id":"maerkte.505","geometry":{"type":"Point","coordinates":[700232.08860104,5334537.26399732]},"geometry_name":"shape","properties":{"ebene":309,"faktor":1,"winkel":90,"name":"WMARKT","inhalt":"Wochenmarkt Messestadt Riem, Öffnungszeiten: Freitag, 10:00 - 18:00","adresse":"Willy-Brandt-Platz","link":"https://maerkte.muenchen.swm.de/unsere-maerkte/wochenmaerkte.html","lebenslage":"Einkaufen und Dienstleistungen","rubrik":"Wochenmarkt","gemeinde":"München"}},{"type":"Feature","id":"maerkte.2261","geometry":{"type":"Point","coordinates":[684502.56680069,5331990.04059838]},"geometry_name":"shape","properties":{"ebene":309,"faktor":1,"winkel":90,"name":"WMARKT","inhalt":"Wochenmarkt Großhadern, Öffnungszeiten: Mittwoch, 13:00 - 18:00","adresse":"Heiglhofstraße 1-11","link":"https://maerkte.muenchen.swm.de/unsere-maerkte/wochenmaerkte.html","lebenslage":"Einkaufen und Dienstleistungen","rubrik":"Wochenmarkt","gemeinde":"München"}},{"type":"Feature","id":"maerkte.2666","geometry":{"type":"Point","coordinates":[689748.0233008,5332061.77609809]},"geometry_name":"shape","properties":{"ebene":309,"faktor":1,"winkel":90,"name":"WMARKT","inhalt":"Wochenmarkt Untersendling (Resi-Huber-Platz), Öffnungszeiten: Samstag, 07:00 - 13:00","adresse":"Resi-Huber-Platz","link":"https://maerkte.muenchen.swm.de/unsere-maerkte/wochenmaerkte.html","lebenslage":"Einkaufen und Dienstleistungen","rubrik":"Wochenmarkt","gemeinde":"München"}},{"type":"Feature","id":"maerkte.3510","geometry":{"type":"Point","coordinates":[692211.84350085,5330401.97419794]},"geometry_name":"shape","properties":{"ebene":302,"faktor":1,"winkel":90,"name":"BMARKT","inhalt":"Bauernmarkt Harlaching, Öffnungszeiten: Mittwoch 14:00 – 18:00","adresse":"Mangfallplatz","link":"https://maerkte.muenchen.swm.de/unsere-maerkte/wochenmaerkte.html","lebenslage":"Einkaufen und Dienstleistungen","rubrik":"Bauernmarkt","gemeinde":"München"}},{"type":"Feature","id":"maerkte.4548","geometry":{"type":"Point","coordinates":[693161.97020087,5331835.35859787]},"geometry_name":"shape","properties":{"ebene":309,"faktor":1,"winkel":90,"name":"WMARKT","inhalt":"Wochenmarkt Giesing, Öffnungszeiten: Freitag, 13:00 - 18:00","adresse":"Giesinger Bahnhofsplatz","link":"https://maerkte.muenchen.swm.de/unsere-maerkte/wochenmaerkte.html","lebenslage":"Einkaufen und Dienstleistungen","rubrik":"Wochenmarkt","gemeinde":"München"}},{"type":"Feature","id":"maerkte.4873","geometry":{"type":"Point","coordinates":[688882.06890078,5334321.47949814]},"geometry_name":"shape","properties":{"ebene":302,"faktor":1,"winkel":90,"name":"BMARKT","inhalt":"Bauernmarkt Schwanthalerhöhe, Öffnungszeiten: Donnerstag, 10:00 – 18:00","adresse":"Georg-Freundorfer-Platz","link":"https://maerkte.muenchen.swm.de/unsere-maerkte/wochenmaerkte.html","lebenslage":"Einkaufen und Dienstleistungen","rubrik":"Bauernmarkt","gemeinde":"München"}},{"type":"Feature","id":"maerkte.5268","geometry":{"type":"Point","coordinates":[695861.53080093,5330811.96799768]},"geometry_name":"shape","properties":{"ebene":309,"faktor":1,"winkel":90,"name":"WMARKT","inhalt":"Wochenmarkt Perlach, Öffnungszeiten: Samstag, 07:00 - 13:00","adresse":"Pfanzeltplatz","link":"https://maerkte.muenchen.swm.de/unsere-maerkte/wochenmaerkte.html","lebenslage":"Einkaufen und Dienstleistungen","rubrik":"Wochenmarkt","gemeinde":"München"}},{"type":"Feature","id":"maerkte.6120","geometry":{"type":"Point","coordinates":[688641.79990077,5343138.91989814]},"geometry_name":"shape","properties":{"ebene":309,"faktor":1,"winkel":90,"name":"WMARKT","inhalt":"Wochenmarkt Feldmoching, Öffnungszeiten: Freitag, 13:00 - 18:00","adresse":"Walter-Sedlmayr-Platz","link":"https://maerkte.muenchen.swm.de/unsere-maerkte/wochenmaerkte.html","lebenslage":"Einkaufen und Dienstleistungen","rubrik":"Wochenmarkt","gemeinde":"München"}},{"type":"Feature","id":"maerkte.7747","geometry":{"type":"Point","coordinates":[699166.59490101,5332248.49409742]},"geometry_name":"shape","properties":{"ebene":309,"faktor":1,"winkel":null,"name":"WMARKT","inhalt":"Wochenmarkt Trudering, Öffnungszeiten: Freitag, 13:00 - 18:00","adresse":"Friedenspromenade, (zwischen Hugo-Weiss-Straße und Felicitas-Füss-Straße)","link":"https://maerkte.muenchen.swm.de/unsere-maerkte/wochenmaerkte.html","lebenslage":"Einkaufen und Dienstleistungen","rubrik":"Wochenmarkt","gemeinde":"München"}},{"type":"Feature","id":"maerkte.7952","geometry":{"type":"Point","coordinates":[690109.5609008,5337690.32339806]},"geometry_name":"shape","properties":{"ebene":309,"faktor":1,"winkel":90,"name":"WMARKT","inhalt":"Wochenmarkt Schwabing-West, Öffnungszeiten: Freitag, 13:00 - 18:00","adresse":"Petra-Kelly-Straße","link":"https://maerkte.muenchen.swm.de/unsere-maerkte/wochenmaerkte.html","lebenslage":"Einkaufen und Dienstleistungen","rubrik":"Wochenmarkt","gemeinde":"München"}},{"type":"Feature","id":"maerkte.8102","geometry":{"type":"Point","coordinates":[692371.83250085,5337700.25409791]},"geometry_name":"shape","properties":{"ebene":309,"faktor":1,"winkel":90,"name":"WMARKT","inhalt":"Wochenmarkt Schwabing, Öffnungszeiten: Donnerstag, 10:00 - 18:00","adresse":"Münchner Freiheit","link":"https://maerkte.muenchen.swm.de/unsere-maerkte/wochenmaerkte.html","lebenslage":"Einkaufen und Dienstleistungen","rubrik":"Wochenmarkt","gemeinde":"München"}},{"type":"Feature","id":"maerkte.8703","geometry":{"type":"Point","coordinates":[688954.26280078,5332781.90009814]},"geometry_name":"shape","properties":{"ebene":309,"faktor":1,"winkel":90,"name":"WMARKT","inhalt":"Wochenmarkt Untersendling (Margaretenplatz), Öffnungszeiten: Samstag, 07:00 - 13:00","adresse":"Margaretenplatz","link":"https://maerkte.muenchen.swm.de/unsere-maerkte/wochenmaerkte.html","lebenslage":"Einkaufen und Dienstleistungen","rubrik":"Wochenmarkt","gemeinde":"München"}},{"type":"Feature","id":"maerkte.9832","geometry":{"type":"Point","coordinates":[687906.16980076,5331772.3417982]},"geometry_name":"shape","properties":{"ebene":309,"faktor":1,"winkel":90,"name":"WMARKT","inhalt":"Wochenmarkt Sendling, Öffnungszeiten: Mittwoch, 08:00 - 12:00","adresse":"Jean-Paul-Richter-Straße 7-9 , 19-21","link":"https://maerkte.muenchen.swm.de/unsere-maerkte/wochenmaerkte.html","lebenslage":"Einkaufen und Dienstleistungen","rubrik":"Wochenmarkt","gemeinde":"München"}},{"type":"Feature","id":"maerkte.10371","geometry":{"type":"Point","coordinates":[689615.1614008,5330611.2002981]},"geometry_name":"shape","properties":{"ebene":309,"faktor":1,"winkel":90,"name":"WMARKT","inhalt":"Wochenmarkt Thalkirchen, Öffnungszeiten: Donnerstag, 12:00 - 19:00","adresse":"Schäftlarnstraße 179","link":"https://maerkte.muenchen.swm.de/unsere-maerkte/wochenmaerkte.html","lebenslage":"Einkaufen und Dienstleistungen","rubrik":"Wochenmarkt","gemeinde":"München"}},{"type":"Feature","id":"maerkte.11115","geometry":{"type":"Point","coordinates":[692196.18750085,5333450.74449794]},"geometry_name":"shape","properties":{"ebene":309,"faktor":1,"winkel":90,"name":"WMARKT","inhalt":"Wochenmarkt Au, Öffnungszeiten: Samstag, 07:00 - 13:00","adresse":"Mariahilfplatz","link":"https://maerkte.muenchen.swm.de/unsere-maerkte/wochenmaerkte.html","lebenslage":"Einkaufen und Dienstleistungen","rubrik":"Wochenmarkt","gemeinde":"München"}},{"type":"Feature","id":"maerkte.12497","geometry":{"type":"Point","coordinates":[686307.45760073,5339257.46519827]},"geometry_name":"shape","properties":{"ebene":309,"faktor":1,"winkel":90,"name":"WMARKT","inhalt":"Wochenmarkt Moosach, Öffnungszeiten: Donnerstag, 08:00 - 12:00","adresse":"Bunzlauer Platz","link":"https://maerkte.muenchen.swm.de/unsere-maerkte/wochenmaerkte.html","lebenslage":"Einkaufen und Dienstleistungen","rubrik":"Wochenmarkt","gemeinde":"München"}},{"type":"Feature","id":"maerkte.12746","geometry":{"type":"Point","coordinates":[689951.3970008,5343188.83789806]},"geometry_name":"shape","properties":{"ebene":309,"faktor":1,"winkel":90,"name":"WMARKT","inhalt":"Wochenmarkt Hasenbergl, Öffnungszeiten: Donnerstag, 08:00 - 12:00","adresse":"Blodigstraße 4","link":"https://maerkte.muenchen.swm.de/unsere-maerkte/wochenmaerkte.html","lebenslage":"Einkaufen und Dienstleistungen","rubrik":"Wochenmarkt","gemeinde":"München"}},{"type":"Feature","id":"maerkte.13324","geometry":{"type":"Point","coordinates":[685850.74350072,5329899.31389831]},"geometry_name":"shape","properties":{"ebene":309,"faktor":1,"winkel":90,"name":"WMARKT","inhalt":"Wochenmarkt Fürstenried-Ost, Öffnungszeiten: Mittwoch, 13:00 - 18:00","adresse":"Züricher Straße, Ecke Winterthurer Straße","link":"https://maerkte.muenchen.swm.de/unsere-maerkte/wochenmaerkte.html","lebenslage":"Einkaufen und Dienstleistungen","rubrik":"Wochenmarkt","gemeinde":"München"}},{"type":"Feature","id":"maerkte.14648","geometry":{"type":"Point","coordinates":[690897.68740082,5336784.12259801]},"geometry_name":"shape","properties":{"ebene":302,"faktor":1,"winkel":90,"name":"BMARKT","inhalt":"Bauernmarkt Maxvorstadt, Öffnungszeiten: Dienstag, 11:00 – 18:00","adresse":"Josephsplatz","link":"https://maerkte.muenchen.swm.de/unsere-maerkte/wochenmaerkte.html","lebenslage":"Einkaufen und Dienstleistungen","rubrik":"Bauernmarkt","gemeinde":"München"}},{"type":"Feature","id":"maerkte.15628","geometry":{"type":"Point","coordinates":[680446.85610062,5336505.16399856]},"geometry_name":"shape","properties":{"ebene":309,"faktor":1,"winkel":90,"name":"WMARKT","inhalt":"Wochenmarkt Aubing-Ost, Öffnungszeiten: Freitag, 13:00 - 18:00","adresse":"Konstanze-Vernon-Straße, Ecke Monica-Bleibtreu-Straße","link":"https://maerkte.muenchen.swm.de/unsere-maerkte/wochenmaerkte.html","lebenslage":"Einkaufen und Dienstleistungen","rubrik":"Wochenmarkt","gemeinde":"München"}},{"type":"Feature","id":"maerkte.15781","geometry":{"type":"Point","coordinates":[682093.33610065,5337296.41249848]},"geometry_name":"shape","properties":{"ebene":302,"faktor":1,"winkel":90,"name":"BMARKT","inhalt":"Bauernmarkt Obermenzing, Öffnungszeiten: Freitag, 07:30 – 13:00","adresse":"Rüttenauer Platz","link":"https://maerkte.muenchen.swm.de/unsere-maerkte/wochenmaerkte.html","lebenslage":"Einkaufen und Dienstleistungen","rubrik":"Bauernmarkt","gemeinde":"München"}},{"type":"Feature","id":"maerkte.15790","geometry":{"type":"Point","coordinates":[695894.92750093,5338803.37679766]},"geometry_name":"shape","properties":{"ebene":309,"faktor":1,"winkel":90,"name":"WMARKT","inhalt":"Wochenmarkt Oberföhring, Öffnungszeiten: Freitag, 08:00 - 12:00","adresse":"Fritz-Meyer-Weg 38-46","link":"https://maerkte.muenchen.swm.de/unsere-maerkte/wochenmaerkte.html","lebenslage":"Einkaufen und Dienstleistungen","rubrik":"Wochenmarkt","gemeinde":"München"}},{"type":"Feature","id":"maerkte.16311","geometry":{"type":"Point","coordinates":[694773.49920091,5336564.79889775]},"geometry_name":"shape","properties":{"ebene":309,"faktor":1,"winkel":90,"name":"WMARKT","inhalt":"Wochenmarkt Bogenhausen, Öffnungszeiten: Donnerstag, 08:00 - 18:00","adresse":"Rosenkavalierplatz","link":"https://maerkte.muenchen.swm.de/unsere-maerkte/wochenmaerkte.html","lebenslage":"Einkaufen und Dienstleistungen","rubrik":"Wochenmarkt","gemeinde":"München"}},{"type":"Feature","id":"maerkte.16693","geometry":{"type":"Point","coordinates":[688412.24940077,5336377.97759816]},"geometry_name":"shape","properties":{"ebene":309,"faktor":1,"winkel":90,"name":"WMARKT","inhalt":"Wochenmarkt Neuhausen, Öffnungszeiten: Donnerstag, 10:00 - 19:00","adresse":"Rotkreuzplatz","link":"https://maerkte.muenchen.swm.de/unsere-maerkte/wochenmaerkte.html","lebenslage":"Einkaufen und Dienstleistungen","rubrik":"Wochenmarkt","gemeinde":"München"}},{"type":"Feature","id":"maerkte.16696","geometry":{"type":"Point","coordinates":[689887.4577008,5336332.54289808]},"geometry_name":"shape","properties":{"ebene":302,"faktor":1,"winkel":90,"name":"BMARKT","inhalt":"Bauernmarkt Maxvorstadt, St. Benno Kirche, Öffnungszeiten: Dienstag, 10:00 – 18:00","adresse":"Ferdinand-Miller-Platz (St.-Benno-Kirche)","link":"https://maerkte.muenchen.swm.de/unsere-maerkte/wochenmaerkte.html","lebenslage":"Einkaufen und Dienstleistungen","rubrik":"Bauernmarkt","gemeinde":"München"}},{"type":"Feature","id":"maerkte.17451","geometry":{"type":"Point","coordinates":[691546.12830084,5334446.03309798]},"geometry_name":"shape","properties":{"ebene":307,"faktor":1,"winkel":90,"name":"MARKT","inhalt":"Schrannenhalle","adresse":"Blumenstraße 4","link":"https://www.viktualienmarkt-muenchen.de/schrannenhalle/","lebenslage":"Einkaufen und Dienstleistungen","rubrik":"Ständiger Markt","gemeinde":"München"}},{"type":"Feature","id":"maerkte.17550","geometry":{"type":"Point","coordinates":[690041.8879008,5332754.06049807]},"geometry_name":"shape","properties":{"ebene":304,"faktor":1,"winkel":90,"name":"GMARKT","inhalt":"Markthallen München - Großmarkthalle","adresse":"Schäftlarnstraße 10","link":"https://maerkte-muenchen.de/","lebenslage":"Einkaufen und Dienstleistungen","rubrik":"Großmarkt","gemeinde":"München"}},{"type":"Feature","id":"maerkte.17551","geometry":{"type":"Point","coordinates":[690265.76350081,5333134.63229806]},"geometry_name":"shape","properties":{"ebene":304,"faktor":1,"winkel":90,"name":"GMARKT","inhalt":"Markthallen München - Schlacht- und Viehhof","adresse":"Zenettistraße 10","link":"https://de.wikipedia.org/wiki/Schlacht-_und_Viehhof_M%C3%BCnchen","lebenslage":"Einkaufen und Dienstleistungen","rubrik":"Großmarkt","gemeinde":"München"}},{"type":"Feature","id":"maerkte.17779","geometry":{"type":"Point","coordinates":[683117.75550067,5335596.52659844]},"geometry_name":"shape","properties":{"ebene":307,"faktor":1,"winkel":90,"name":"MARKT","inhalt":"Pasinger Viktualienmarkt","adresse":"Bäckerstraße","link":"https://maerkte-muenchen.de/","lebenslage":"Einkaufen und Dienstleistungen","rubrik":"Ständiger Markt","gemeinde":"München"}},{"type":"Feature","id":"maerkte.17780","geometry":{"type":"Point","coordinates":[693150.10760087,5334516.83499787]},"geometry_name":"shape","properties":{"ebene":307,"faktor":1,"winkel":90,"name":"MARKT","inhalt":"Markt am Wiener Platz","adresse":"Wiener Platz","link":"https://maerkte-muenchen.de/","lebenslage":"Einkaufen und Dienstleistungen","rubrik":"Ständiger Markt","gemeinde":"München"}},{"type":"Feature","id":"maerkte.17783","geometry":{"type":"Point","coordinates":[690133.31950081,5332483.91319807]},"geometry_name":"shape","properties":{"ebene":304,"faktor":1,"winkel":90,"name":"GMARKT","inhalt":"Großmarktgelände München","adresse":"Thalkirchner Straße","link":"https://maerkte-muenchen.de/","lebenslage":"Einkaufen und Dienstleistungen","rubrik":"Großmarkt","gemeinde":"München"}},{"type":"Feature","id":"maerkte.17784","geometry":{"type":"Point","coordinates":[690277.43210081,5332582.54819806]},"geometry_name":"shape","properties":{"ebene":304,"faktor":1,"winkel":90,"name":"GMARKT","inhalt":"Blumengroßmarkt - Markthallen München","adresse":"Schäftlarnstraße 2","link":"https://maerkte-muenchen.de/","lebenslage":"Einkaufen und Dienstleistungen","rubrik":"Großmarkt","gemeinde":"München"}},{"type":"Feature","id":"maerkte.17789","geometry":{"type":"Point","coordinates":[691677.14500084,5334525.20929797]},"geometry_name":"shape","properties":{"ebene":307,"faktor":1,"winkel":90,"name":"MARKT","inhalt":"Viktualienmarkt","adresse":"Viktualienmarkt (Stadtzentrum)","link":"https://maerkte-muenchen.de/","lebenslage":"Einkaufen und Dienstleistungen","rubrik":"Ständiger Markt","gemeinde":"München"}},{"type":"Feature","id":"maerkte.17790","geometry":{"type":"Point","coordinates":[691444.61800083,5336944.09559798]},"geometry_name":"shape","properties":{"ebene":307,"faktor":1,"winkel":90,"name":"MARKT","inhalt":"Elisabethmarkt (Markt am Elisabethplatz)","adresse":"Elisabethplatz","link":"https://maerkte-muenchen.de/","lebenslage":"Einkaufen und Dienstleistungen","rubrik":"Ständiger Markt","gemeinde":"München"}},{"type":"Feature","id":"maerkte.18392","geometry":{"type":"Point","coordinates":[693670.37580088,5341976.07919782]},"geometry_name":"shape","properties":{"ebene":309,"faktor":1,"winkel":90,"name":"WMARKT","inhalt":"Wochenmarkt Freimann, Öffnungszeiten: Mittwoch, 13:00 - 18:00","adresse":"Karl-Köglsbergerstraße  17-23","link":"https://maerkte.muenchen.swm.de/unsere-maerkte/wochenmaerkte.html","lebenslage":"Einkaufen und Dienstleistungen","rubrik":"Wochenmarkt","gemeinde":"München"}},{"type":"Feature","id":"maerkte.20095","geometry":{"type":"Point","coordinates":[683324.96540067,5340374.33479842]},"geometry_name":"shape","properties":{"ebene":309,"faktor":1,"winkel":null,"name":"WMARKT","inhalt":"Wochenmarkt Allach-Untermenzing, Öffnungszeiten: Dienstag, 10:00 - 18:00","adresse":"Oertelplatz","link":"https://maerkte.muenchen.swm.de/unsere-maerkte/wochenmaerkte.html","lebenslage":"Einkaufen und Dienstleistungen","rubrik":"Wochenmarkt","gemeinde":"München"}},{"type":"Feature","id":"maerkte.20158","geometry":{"type":"Point","coordinates":[693197.34800087,5329776.60849788]},"geometry_name":"shape","properties":{"ebene":309,"faktor":1,"winkel":null,"name":"WMARKT","inhalt":"Wochenmarkt Fasangarten, Öffnungszeiten: Mittwoch, 12:00 - 18:00","adresse":"Cincinnatistraße 31, hinter dem Kino","link":"https://maerkte.muenchen.swm.de/unsere-maerkte/wochenmaerkte.html","lebenslage":"Einkaufen und Dienstleistungen","rubrik":"Wochenmarkt","gemeinde":"München"}},{"type":"Feature","id":"maerkte.20160","geometry":{"type":"Point","coordinates":[679328.1438006,5334877.28389861]},"geometry_name":"shape","properties":{"ebene":309,"faktor":1,"winkel":null,"name":"WMARKT","inhalt":"Wochenmarkt Freiham, Öffnungszeiten: (der neue Wochenmarkt wird ca. 09/2025 - 04/2026 eröffnet!)","adresse":"Rosa-Kempf-Straße","link":"https://maerkte-muenchen.de/unsere-maerkte/wochenmaerkte.html","lebenslage":"Einkaufen und Dienstleistungen","rubrik":"Wochenmarkt","gemeinde":"München"}},{"type":"Feature","id":"maerkte.21664","geometry":{"type":"Point","coordinates":[690847.60190082,5339760.35769801]},"geometry_name":"shape","properties":{"ebene":309,"faktor":1,"winkel":90,"name":"WMARKT","inhalt":"Wochenmarkt Milbertshofen, Öffnungszeiten: Freitag, 13:00 - 18:00","adresse":"Curt-Mezger-Platz","link":"https://maerkte.muenchen.swm.de/unsere-maerkte/wochenmaerkte.html","lebenslage":"Einkaufen und Dienstleistungen","rubrik":"Wochenmarkt","gemeinde":"München"}},{"type":"Feature","id":"maerkte.22033","geometry":{"type":"Point","coordinates":[684692.4382007,5329192.29499837]},"geometry_name":"shape","properties":{"ebene":309,"faktor":1,"winkel":90,"name":"WMARKT","inhalt":"Wochenmarkt Fürstenried-West - Mittwoch, Öffnungszeiten: Mittwoch, 13:00 - 18:00 und Samstag, 7:00 - 13:00","adresse":"Schweizer Platz, Ecke Graubündener Straße","link":"https://maerkte.muenchen.swm.de/unsere-maerkte/wochenmaerkte.html","lebenslage":"Einkaufen und Dienstleistungen","rubrik":"Wochenmarkt","gemeinde":"München"}},{"type":"Feature","id":"maerkte.22211","geometry":{"type":"Point","coordinates":[685936.62290072,5334807.5453983]},"geometry_name":"shape","properties":{"ebene":302,"faktor":1,"winkel":90,"name":"BMARKT","inhalt":"Bauernmarkt Laim, Öffnungszeiten: Freitag, 08:00 – 13:00","adresse":"Agnes-Bernauer-Straße (Am Laimer Anger)","link":"https://maerkte.muenchen.swm.de/unsere-maerkte/wochenmaerkte.html","lebenslage":"Einkaufen und Dienstleistungen","rubrik":"Bauernmarkt","gemeinde":"München"}},{"type":"Feature","id":"maerkte.22374","geometry":{"type":"Point","coordinates":[692898.28260086,5338770.26479788]},"geometry_name":"shape","properties":{"ebene":302,"faktor":1,"winkel":90,"name":"BMARKT","inhalt":"Bauernmarkt Schwabing,Öffnungszeiten: Samstag, 07:00 – 13:00","adresse":"Fritz-Hommel-Weg","link":"https://maerkte.muenchen.swm.de/unsere-maerkte/wochenmaerkte.html","lebenslage":"Einkaufen und Dienstleistungen","rubrik":"Bauernmarkt","gemeinde":"München"}},{"type":"Feature","id":"maerkte.22375","geometry":{"type":"Point","coordinates":[692469.47800086,5335101.67089791]},"geometry_name":"shape","properties":{"ebene":302,"faktor":1,"winkel":90,"name":"BMARKT","inhalt":"Bauernmarkt Lehel, Öffnungszeiten: Donnerstag, 10:30 – 18:00","adresse":"St.-Anna-Platz","link":"https://maerkte.muenchen.swm.de/unsere-maerkte/wochenmaerkte.html","lebenslage":"Einkaufen und Dienstleistungen","rubrik":"Bauernmarkt","gemeinde":"München"}},{"type":"Feature","id":"maerkte.24709","geometry":{"type":"Point","coordinates":[692193.03890085,5333446.80439793]},"geometry_name":"shape","properties":{"ebene":302,"faktor":1,"winkel":90,"name":"BMARKT","inhalt":"Bauernmarkt Au, Öffnungszeiten: Mittwoch, 08:00 – 13:00","adresse":"Mariahilfplatz","link":"https://maerkte.muenchen.swm.de/unsere-maerkte/wochenmaerkte.html","lebenslage":"Einkaufen und Dienstleistungen","rubrik":"Bauernmarkt","gemeinde":"München"}},{"type":"Feature","id":"maerkte.25116","geometry":{"type":"Point","coordinates":[693187.59430087,5333848.74799787]},"geometry_name":"shape","properties":{"ebene":309,"faktor":1,"winkel":90,"name":"WMARKT","inhalt":"Wochenmarkt Haidhausen, Öffnungszeiten: Dienstag, 08:00 - 13:00","adresse":"Weißenburger Straße 2-10","link":"https://maerkte.muenchen.swm.de/unsere-maerkte/wochenmaerkte.html","lebenslage":"Einkaufen und Dienstleistungen","rubrik":"Wochenmarkt","gemeinde":"München"}},{"type":"Feature","id":"maerkte.26428","geometry":{"type":"Point","coordinates":[689929.0493008,5332670.60279808]},"geometry_name":"shape","properties":{"ebene":304,"faktor":1,"winkel":90,"name":"GMARKT","inhalt":"Markthallen München - Gärtnerhalle ","adresse":"Schäftlarnstraße 10","link":"https://maerkte-muenchen.de/","lebenslage":"Einkaufen und Dienstleistungen","rubrik":"Großmarkt","gemeinde":"München"}},{"type":"Feature","id":"maerkte.26445","geometry":{"type":"Point","coordinates":[695803.44950093,5334018.46999768]},"geometry_name":"shape","properties":{"ebene":309,"faktor":1,"winkel":90,"name":"WMARKT","inhalt":"Wochenmarkt Berg am Laim, Öffnungszeiten: Freitag, 08:00 - 12:00","adresse":"Baumkirchner Straße 22b-26","link":"https://maerkte.muenchen.swm.de/unsere-maerkte/wochenmaerkte.html","lebenslage":"Einkaufen und Dienstleistungen","rubrik":"Wochenmarkt","gemeinde":"München"}},{"type":"Feature","id":"maerkte.26502","geometry":{"type":"Point","coordinates":[684219.00110069,5333353.22529839]},"geometry_name":"shape","properties":{"ebene":309,"faktor":1,"winkel":90,"name":"WMARKT","inhalt":"Wochenmarkt Blumenau, Öffnungszeiten: Mittwoch, 08:00 - 12:00","adresse":"Blumenauer Straße 2-16","link":"https://maerkte.muenchen.swm.de/unsere-maerkte/wochenmaerkte.html","lebenslage":"Einkaufen und Dienstleistungen","rubrik":"Wochenmarkt","gemeinde":"München"}},{"type":"Feature","id":"maerkte.26504","geometry":{"type":"Point","coordinates":[691328.04360083,5332439.50459799]},"geometry_name":"shape","properties":{"ebene":309,"faktor":1,"winkel":90,"name":"WMARKT","inhalt":"Wochenmarkt Untergiesing, Öffnungszeiten: Donnerstag, 12:00 - 18:00","adresse":"Hans-Mielich-Platz","link":"https://maerkte.muenchen.swm.de/unsere-maerkte/wochenmaerkte.html","lebenslage":"Einkaufen und Dienstleistungen","rubrik":"Wochenmarkt","gemeinde":"München"}},{"type":"Feature","id":"maerkte.26505","geometry":{"type":"Point","coordinates":[688416.33400077,5341349.34989815]},"geometry_name":"shape","properties":{"ebene":309,"faktor":1,"winkel":90,"name":"WMARKT","inhalt":"Wochenmarkt Lerchenauer See, Öffnungszeiten: Freitag, 13:00 -18:00","adresse":"Lassallestraße gegenüber der Kapernaumkirche","link":"https://maerkte.muenchen.swm.de/unsere-maerkte/wochenmaerkte.html","lebenslage":"Einkaufen und Dienstleistungen","rubrik":"Wochenmarkt","gemeinde":"München"}},{"type":"Feature","id":"maerkte.26506","geometry":{"type":"Point","coordinates":[685357.03480071,5332499.32869834]},"geometry_name":"shape","properties":{"ebene":309,"faktor":1,"winkel":90,"name":"WMARKT","inhalt":"Wochenmarkt Hadern, Öffnungszeiten: Samstag, 07:00 - 13:00","adresse":"Guardinistraße 90-120","link":"https://maerkte.muenchen.swm.de/unsere-maerkte/wochenmaerkte.html","lebenslage":"Einkaufen und Dienstleistungen","rubrik":"Wochenmarkt","gemeinde":"München"}},{"type":"Feature","id":"maerkte.26508","geometry":{"type":"Point","coordinates":[687543.83220075,5327899.65999823]},"geometry_name":"shape","properties":{"ebene":309,"faktor":1,"winkel":90,"name":"WMARKT","inhalt":"Wochenmarkt Solln, Öffnungszeiten: Freitag, 08:00 - 12:00","adresse":"Fellererplatz","link":"https://maerkte.muenchen.swm.de/unsere-maerkte/wochenmaerkte.html","lebenslage":"Einkaufen und Dienstleistungen","rubrik":"Wochenmarkt","gemeinde":"München"}},{"type":"Feature","id":"maerkte.26509","geometry":{"type":"Point","coordinates":[697048.11540096,5330777.29929759]},"geometry_name":"shape","properties":{"ebene":309,"faktor":1,"winkel":90,"name":"WMARKT","inhalt":"Wochenmarkt Neuperlach, Öffnungszeiten: Freitag, 13:00 - 18:00","adresse":"Thomas-Dehler-Straße 15, Perlach Plaza","link":"https://maerkte.muenchen.swm.de/unsere-maerkte/wochenmaerkte.html","lebenslage":"Einkaufen und Dienstleistungen","rubrik":"Wochenmarkt","gemeinde":"München"}},{"type":"Feature","id":"maerkte.27550","geometry":{"type":"Point","coordinates":[691249.38850083,5335843.31039799]},"geometry_name":"shape","properties":{"ebene":302,"faktor":1,"winkel":90,"name":"BMARKT","inhalt":"Bauernmarkt Maxvorstadt, Pinakothek der Moderne, Öffnungszeiten: Samstag, 07:00 – 13:00","adresse":"Barerstraße/Gabelsbergerstraße","link":"https://maerkte.muenchen.swm.de/unsere-maerkte/wochenmaerkte.html","lebenslage":"Einkaufen und Dienstleistungen","rubrik":"Bauernmarkt","gemeinde":"München"}}],"totalFeatures":54,"numberMatched":54,"numberReturned":54,"timeStamp":"2026-02-11T15:23:42.661Z","crs":{"type":"name","properties":{"name":"urn:ogc:def:crs:EPSG::25832"}}}